id,name,lastname,price,flycode,typePassenger,statusFlight
1,mel,romero,30000.000000,adc,,
2,Brade,Rojas,20000.000000,MM0987B,economica,En Horario
3,Gayle,Soto,30000.000000,MM0987B,economica,En Horario
4,Kimberlee,Contreras,33000.000000,BA2491A,economica,Aterrizado
5,Henrieta,Silva,30000.000000,IB0800A,economica,Aterrizado
6,Brandea,Morales,15000.000000,IB0800A,economica,Aterrizado
7,Bronnie,Fuentes,20000.000000,MM0987B,economica,En Horario
8,Iver,Torres,12000.000000,BA2491A,economica,Aterrizado
9,Ernesta,Araya,37000.000000,BA2491A,economica,Aterrizado
10,Cirillo,Flores,50000.000000,MM0987B,economica,En Horario
11,Park,Espinoza,30000.000000,MM0987B,economica,En Horario
12,Bellanca,Valenzuela,15000.000000,BA2491A,economica,Aterrizado
13,Bobbye,Castillo,15000.000000,BA2491A,economica,Aterrizado
14,Eugene,Tapia,50000.000000,BA2491A,economica,Aterrizado
15,Johnny,Reyes,33000.000000,MM0987B,economica,En Horario
16,Braden,Castro,25000.000000,MM0987B,economica,En Horario
17,Karim,Pizarro,25000.000000,MM0987B,economica,En Horario
18,Katey,Carrasco,42000.000000,MM0987B,economica,En Horario
19,Jehanna,Herrera,50000.000000,BA2491A,economica,Aterrizado
20,Stefa,Jara,42000.000000,BA2491A,economica,Aterrizado
21,Roda,Vergara,25000.000000,MM0987B,economica,En Horario
22,Alfredo,Rivera,10000.000000,MM0987B,economica,En Horario
23,Sydney,Figueroa,10000.000000,MM0987B,economica,En Horario
24,Brnaba,Riquelme,30000.000000,MM0987B,economica,En Horario
25,Bradney,Miranda,25000.000000,BA2491A,economica,Aterrizado
26,Margarete,Bravo,50000.000000,BA2491A,economica,Aterrizado
27,Nikoletta,Vera,50000.000000,MM0987B,economica,En Horario
28,Lonnard,Molina,50000.000000,IB0800A,economica,Aterrizado
29,Raine,Vega,30000.000000,IB0800A,economica,Aterrizado
30,Noella,Campos,15000.000000,IB0800A,economica,Aterrizado
31,Dagmar,Sandoval,25000.000000,IB0800A,economica,Aterrizado
32,Carroll,Orellana,42000.000000,IB0800A,economica,Aterrizado
33,Carline,Olivares,12000.000000,IB0800A,economica,Aterrizado
34,Julina,Gallardo,33000.000000,MM0987B,economica,En Horario
35,Corina,Ortiz,37000.000000,MM0987B,economica,En Horario
36,Bernardine,Garrido,33000.000000,MM0987B,economica,En Horario
37,Homer,Salazar,18000.000000,MM0987B,economica,En Horario
38,Kori,Saavedra,50000.000000,MM0987B,economica,En Horario
39,Deeyn,Navarro,20000.000000,MM0987B,economica,En Horario
40,Marysa,Aguilera,20000.000000,MM0987B,economica,En Horario
41,Loy,Parra,15000.000000,MM0987B,economica,En Horario
42,Gabbey,Romero,37000.000000,MM0987B,economica,En Horario
43,Star,Aravena,33000.000000,MM0987B,economica,En Horario
44,Dominica,Vargas,33000.000000,IB0800A,economica,Aterrizado
45,Sayre,Leiva,33000.000000,IB0800A,economica,Aterrizado
46,Shaughn,Escobar,15000.000000,IB0800A,economica,Aterrizado
47,Katrine,Ruiz,25000.000000,IB0800A,economica,Aterrizado
48,Cristie,Vidal,25000.000000,IB0800A,economica,Aterrizado
49,Solomon,Salinas,10000.000000,IB0800A,economica,Aterrizado
50,Morse,Godoy,25000.000000,IB0800A,economica,Aterrizado
51,Roland,Lagos,25000.000000,IB0800A,economica,Aterrizado
52,Jesselyn,Maldonado,30000.000000,IB0800A,economica,Aterrizado
53,Kylila,Bustos,12000.000000,IB0800A,economica,Aterrizado
54,Kendre,Medina,25000.000000,IB0800A,economica,Aterrizado
55,Lesya,Pino,15000.000000,IB0800A,economica,Aterrizado
56,Tatiania,Palma,20000.000000,IB0800A,economica,Aterrizado
57,Trenton,Moreno,12000.000000,IB0800A,economica,Aterrizado
58,Angie,Sanhueza,20000.000000,MM0987B,economica,En Horario
59,Joelle,Carvajal,37000.000000,MM0987B,economica,En Horario
60,George,Navarrete,30000.000000,MM0987B,economica,En Horario
61,Margaretha,Alvarado,10000.000000,MM0987B,economica,En Horario
62,Sully,Donoso,15000.000000,MM0987B,economica,En Horario
63,Lonni,Poblete,50000.000000,MM0987B,economica,En Horario
64,Nicky,Bustamante,42000.000000,MM0987B,economica,En Horario
65,My,Toro,18000.000000,MM0987B,economica,En Horario
66,Kyrstin,Ortega,37000.000000,IB0800A,economica,Aterrizado
67,Martino,Venegas,15000.000000,IB0800A,economica,Aterrizado
68,Marcellus,Guerrero,50000.000000,IB0800A,economica,Aterrizado
69,Jacquelin,Mendoza,30000.000000,IB0800A,economica,Aterrizado
70,Petey,Ruiz,15000.000000,IB0800A,economica,Aterrizado
71,Freddie,Moreno,12000.000000,IB0800A,economica,Aterrizado
72,Cherrita,Romero,33000.000000,MM0987B,economica,En Horario
73,Stu,Alonso,12000.000000,MM0987B,economica,En Horario
74,Lorettalorna,Navarro,25000.000000,MM0987B,economica,En Horario
75,Patrizio,Torres,15000.000000,IB0800A,economica,Aterrizado
76,Pen,Ramos,18000.000000,IB0800A,economica,Aterrizado
77,Cindelyn,Rojas,12000.000000,IB0800A,economica,Aterrizado
78,Omero,Soto,10000.000000,BA2491A,economica,Aterrizado
79,Tom,Contreras,33000.000000,BA2491A,economica,Aterrizado
80,Dante,Silva,30000.000000,BA2491A,economica,Aterrizado
81,Dunstan,Morales,20000.000000,BA2491A,economica,Aterrizado
82,Brynn,Fuentes,50000.000000,BA2491A,economica,Aterrizado
83,Corbin,Torres,42000.000000,BA2491A,economica,Aterrizado
84,Coreen,Araya,18000.000000,IB0800A,economica,Aterrizado
85,Tanya,Flores,30000.000000,IB0800A,economica,Aterrizado
86,Jenna,Espinoza,25000.000000,IB0800A,economica,Aterrizado
87,Flora,Valenzuela,33000.000000,IB0800A,economica,Aterrizado
88,Dianna,Castillo,20000.000000,IB0800A,economica,Aterrizado
89,Armand,Tapia,15000.000000,IB0800A,economica,Aterrizado
90,Gustie,Reyes,42000.000000,IB0800A,economica,Aterrizado
91,Lena,Castro,25000.000000,IB0800A,economica,Aterrizado
92,Dot,Pizarro,18000.000000,IB0800A,economica,Aterrizado
93,Tanny,Carrasco,42000.000000,IB0800A,economica,Aterrizado
94,Kipp,Herrera,15000.000000,IB0800A,economica,Aterrizado
95,Ferdie,Jara,15000.000000,IB0800A,economica,Aterrizado
96,Ofella,Vergara,50000.000000,IB0800A,economica,Aterrizado
97,Pascale,Rivera,15000.000000,IB0800A,economica,Aterrizado
98,Cathrin,Figueroa,30000.000000,IB0800A,economica,Aterrizado
99,Sib,Riquelme,33000.000000,IB0800A,economica,Aterrizado
100,Didi,Miranda,15000.000000,IB0800A,economica,Aterrizado
101,Lodovico,Bravo,18000.000000,IB0800A,economica,Aterrizado
102,Farley,Vera,12000.000000,IB0800A,economica,Aterrizado
103,Devi,Molina,25000.000000,IB0800A,economica,Aterrizado
104,Clair,Vega,37000.000000,IB0800A,economica,Aterrizado
105,Addy,Campos,33000.000000,IB0800A,economica,Aterrizado
106,Brandon,Sandoval,18000.000000,IB0800A,economica,Aterrizado
107,Prentiss,Orellana,30000.000000,IB0800A,economica,Aterrizado
108,Wanids,Olivares,30000.000000,MM0987B,economica,En Horario
109,Mellicent,Gallardo,50000.000000,MM0987B,economica,En Horario
110,Lynea,Ortiz,20000.000000,MM0987B,economica,En Horario
111,Nial,Garrido,15000.000000,MM0987B,economica,En Horario
112,Guillaume,Salazar,37000.000000,MM0987B,economica,En Horario
113,Eric,Saavedra,50000.000000,MM0987B,economica,En Horario
114,Marcellus,Navarro,30000.000000,MM0987B,economica,En Horario
115,Ian,Aguilera,42000.000000,MM0987B,economica,En Horario
116,Sebastien,Parra,37000.000000,MM0987B,economica,En Horario
117,Scarface,Romero,50000.000000,MM0987B,economica,En Horario
118,Maible,Aravena,18000.000000,MM0987B,economica,En Horario
119,Waldon,Vargas,30000.000000,MM0987B,economica,En Horario
120,Philipa,Leiva,42000.000000,TU6789B,economica,Aterrizado
121,Roderigo,Escobar,20000.000000,BA2491A,economica,Aterrizado
122,Otho,Ruiz,20000.000000,BA2491A,economica,Aterrizado
123,Eleonora,Vidal,42000.000000,BA2491A,economica,Aterrizado
124,Eliot,Salinas,12000.000000,BA2491A,economica,Aterrizado
125,Yorke,Godoy,15000.000000,BA2491A,economica,Aterrizado
126,Cissiee,Lagos,18000.000000,BA2491A,economica,Aterrizado
127,Jillana,Maldonado,18000.000000,BA2491A,economica,Aterrizado
128,Mallorie,Bustos,30000.000000,TU6789B,economica,Aterrizado
129,Borden,Medina,12000.000000,TU6789B,economica,Aterrizado
130,Maddie,Pino,33000.000000,TU6789B,economica,Aterrizado
131,Weider,Palma,50000.000000,TU6789B,economica,Aterrizado
132,Asia,Moreno,37000.000000,TU6789B,economica,Aterrizado
133,Sayres,Sanhueza,10000.000000,TU6789B,economica,Aterrizado
134,Marcile,Carvajal,30000.000000,TU6789B,economica,Aterrizado
135,Thomasina,Navarrete,42000.000000,TU6789B,economica,Aterrizado
136,Nicolina,Alvarado,30000.000000,TU6789B,economica,Aterrizado
137,Nita,Donoso,12000.000000,TU6789B,economica,Aterrizado
138,Nikoletta,Poblete,12000.000000,TU6789B,economica,Aterrizado
139,Dwight,Bustamante,42000.000000,TU6789B,economica,Aterrizado
140,Romola,Toro,50000.000000,TU6789B,economica,Aterrizado
141,Kaile,Ortega,33000.000000,TU6789B,economica,Aterrizado
142,Mozes,Venegas,25000.000000,TU6789B,economica,Aterrizado
143,Aylmer,Guerrero,33000.000000,TU6789B,economica,Aterrizado
144,Marina,Mendoza,12000.000000,TU6789B,economica,Aterrizado
145,Hiram,Ruiz,20000.000000,BA2491A,economica,Aterrizado
146,Leeanne,Moreno,15000.000000,TU6789B,economica,Aterrizado
147,Alexandra,Romero,42000.000000,TU6789B,economica,Aterrizado
148,Broddie,Alonso,42000.000000,TU6789B,economica,Aterrizado
149,Cal,Navarro,42000.000000,TU6789B,economica,Aterrizado
150,Donal,Torres,18000.000000,TU6789B,economica,Aterrizado
151,Maynard,Ramos,18000.000000,TU6789B,economica,Aterrizado
152,Jenna,Rojas,30000.000000,TU6789B,economica,Aterrizado
153,Morris,Soto,10000.000000,BA2491A,economica,Aterrizado
154,Yuri,Contreras,25000.000000,BA2491A,economica,Aterrizado
155,Gusty,Silva,10000.000000,BA2491A,economica,Aterrizado
156,Merrile,Morales,50000.000000,BA2491A,economica,Aterrizado
157,Melisa,Fuentes,12000.000000,TU6789B,economica,Aterrizado
158,Stephen,Torres,37000.000000,TU6789B,economica,Aterrizado
159,Blair,Araya,50000.000000,TU6789B,economica,Aterrizado
160,Arel,Flores,30000.000000,TU6789B,economica,Aterrizado
161,Abbie,Espinoza,25000.000000,TU6789B,economica,Aterrizado
162,Channa,Valenzuela,50000.000000,TU6789B,economica,Aterrizado
163,Shirl,Castillo,20000.000000,TU6789B,economica,Aterrizado
164,Edlin,Tapia,20000.000000,TU6789B,economica,Aterrizado
165,Larina,Reyes,18000.000000,TU6789B,economica,Aterrizado
166,Bond,Castro,10000.000000,TU6789B,economica,Aterrizado
167,Dyann,Pizarro,50000.000000,TU6789B,economica,Aterrizado
168,Koenraad,Carrasco,20000.000000,TU6789B,economica,Aterrizado
169,Osbert,Herrera,15000.000000,TU6789B,economica,Aterrizado
170,Bartel,Jara,37000.000000,TU6789B,economica,Aterrizado
171,Jodi,Vergara,30000.000000,BA2491A,economica,Aterrizado
172,Ofelia,Rivera,30000.000000,BA2491A,economica,Aterrizado
173,Dudley,Figueroa,42000.000000,BA2491A,economica,Aterrizado
174,Dulcea,Riquelme,25000.000000,BA2491A,economica,Aterrizado
175,Chalmers,Miranda,10000.000000,BA2491A,economica,Aterrizado
176,Christiano,Bravo,50000.000000,BA2491A,economica,Aterrizado
177,Russell,Vera,50000.000000,BA2491A,economica,Aterrizado
178,Cleo,Molina,50000.000000,BA2491A,economica,Aterrizado
179,Catriona,Vega,42000.000000,TU6789B,economica,Aterrizado
180,Leigh,Campos,37000.000000,TU6789B,economica,Aterrizado
181,Ddene,Sandoval,12000.000000,TU6789B,economica,Aterrizado
182,Sayre,Orellana,18000.000000,TU6789B,economica,Aterrizado
183,Zabrina,Olivares,12000.000000,TU6789B,economica,Aterrizado
184,Ron,Gallardo,20000.000000,TU6789B,economica,Aterrizado
185,Charin,Ortiz,12000.000000,TU6789B,economica,Aterrizado
186,Coleman,Garrido,33000.000000,TU6789B,economica,Aterrizado
187,Jacinda,Salazar,50000.000000,TU6789B,economica,Aterrizado
188,Davide,Saavedra,42000.000000,TU6789B,economica,Aterrizado
189,Ernestus,Navarro,12000.000000,TU6789B,economica,Aterrizado
190,Brnaba,Aguilera,37000.000000,TU6789B,economica,Aterrizado
191,Tabor,Parra,37000.000000,TU6789B,economica,Aterrizado
192,Lenci,Romero,42000.000000,TU6789B,economica,Aterrizado
193,Franchot,Aravena,12000.000000,TU6789B,economica,Aterrizado
194,Charisse,Vargas,50000.000000,TU6789B,economica,Aterrizado
195,Urban,Leiva,10000.000000,BA2491A,economica,Aterrizado
196,Fan,Escobar,18000.000000,BA2491A,economica,Aterrizado
197,Donaugh,Ruiz,12000.000000,BA2491A,economica,Aterrizado
198,Richard,Vidal,42000.000000,BA2491A,economica,Aterrizado
199,Hilary,Salinas,37000.000000,BA2491A,economica,Aterrizado
200,Lina,Godoy,12000.000000,TU6789B,economica,Aterrizado
201,Nerty,Lagos,20000.000000,TU6789B,economica,Aterrizado
202,Matias,Maldonado,33000.000000,TU6789B,economica,Aterrizado
203,Urbano,Bustos,50000.000000,TU6789B,economica,Aterrizado
204,Rosemarie,Medina,33000.000000,TU6789B,economica,Aterrizado
205,Booth,Pino,15000.000000,TU6789B,economica,Aterrizado
206,Eden,Palma,18000.000000,TU6789B,economica,Aterrizado
207,Cornie,Moreno,15000.000000,TU6789B,economica,Aterrizado
208,Isak,Sanhueza,20000.000000,TU6789B,economica,Aterrizado
209,Rand,Carvajal,20000.000000,TU6789B,economica,Aterrizado
210,Dominique,Navarrete,37000.000000,TU6789B,economica,Aterrizado
211,Filbert,Alvarado,20000.000000,TU6789B,economica,Aterrizado
212,Nona,Donoso,30000.000000,TU6789B,economica,Aterrizado
213,Melloney,Poblete,33000.000000,TU6789B,economica,Aterrizado
214,Rafaello,Bustamante,37000.000000,TU6789B,economica,Aterrizado
215,Floria,Toro,12000.000000,TU6789B,economica,Aterrizado
216,Johannes,Ortega,18000.000000,TU6789B,economica,Aterrizado
217,Genevra,Venegas,10000.000000,TU6789B,economica,Aterrizado
218,Aldric,Guerrero,50000.000000,TU6789B,economica,Aterrizado
219,Janeta,Mendoza,10000.000000,TU6789B,economica,Aterrizado
220,Tully,Ruiz,18000.000000,TU6789B,economica,Aterrizado
221,Buddy,Moreno,50000.000000,TU6789B,economica,Aterrizado
222,Neely,Romero,20000.000000,TU6789B,economica,Aterrizado
223,Klarrisa,Alonso,18000.000000,TU6789B,economica,Aterrizado
224,Clywd,Navarro,33000.000000,TU6789B,economica,Aterrizado
225,Deni,Torres,42000.000000,TU6789B,economica,Aterrizado
226,Andy,Ramos,37000.000000,TU6789B,economica,Aterrizado
227,Nanni,Rojas,25000.000000,BA2491A,economica,Aterrizado
228,Brigg,Soto,10000.000000,BA2491A,economica,Aterrizado
229,Crawford,Contreras,12000.000000,BA2491A,economica,Aterrizado
230,Fran,Silva,30000.000000,BA2491A,economica,Aterrizado
231,George,Morales,15000.000000,TU6789B,economica,Aterrizado
232,Demeter,Fuentes,10000.000000,TU6789B,economica,Aterrizado
233,Shauna,Torres,25000.000000,TU6789B,economica,Aterrizado
234,Anna-maria,Araya,42000.000000,TU6789B,economica,Aterrizado
235,Ag,Flores,50000.000000,TU6789B,economica,Aterrizado
236,Sherwin,Espinoza,50000.000000,MM0987B,economica,En Horario
237,Vikki,Valenzuela,33000.000000,MM0987B,economica,En Horario
238,Barret,Castillo,10000.000000,MM0987B,economica,En Horario
239,Gaelan,Tapia,25000.000000,MM0987B,economica,En Horario
240,Livy,Reyes,20000.000000,MM0987B,economica,En Horario
241,Charil,Castro,33000.000000,MM0987B,economica,En Horario
242,Easter,Pizarro,30000.000000,MM0987B,economica,En Horario
243,Willa,Carrasco,30000.000000,TU6789B,economica,Aterrizado
244,Mikael,Herrera,50000.000000,TU6789B,economica,Aterrizado
245,Sileas,Jara,20000.000000,TU6789B,economica,Aterrizado
246,Fidelia,Vergara,12000.000000,TU6789B,economica,Aterrizado
247,Frayda,Rivera,30000.000000,TU6789B,economica,Aterrizado
248,Babita,Figueroa,30000.000000,TU6789B,economica,Aterrizado
249,Clair,Riquelme,42000.000000,TU6789B,economica,Aterrizado
250,Skylar,Miranda,20000.000000,TU6789B,economica,Aterrizado
251,Dennie,Bravo,42000.000000,TU6789B,economica,Aterrizado
252,Sibley,Vera,20000.000000,TU6789B,economica,Aterrizado
253,Addia,Molina,20000.000000,TU6789B,economica,Aterrizado
254,Ed,Vega,18000.000000,TU6789B,economica,Aterrizado
255,Lothaire,Campos,12000.000000,TU6789B,economica,Aterrizado
256,Neila,Sandoval,15000.000000,TU6789B,economica,Aterrizado
257,Jennifer,Orellana,15000.000000,GU2345F,economica,En Vuelo
258,Chuck,Olivares,33000.000000,GU2345F,economica,En Vuelo
259,Minnnie,Gallardo,20000.000000,GU2345F,economica,En Vuelo
260,Carine,Ortiz,33000.000000,GU2345F,economica,En Vuelo
261,Kelly,Garrido,37000.000000,GU2345F,economica,En Vuelo
262,Coleman,Salazar,25000.000000,GU2345F,economica,En Vuelo
263,Wade,Saavedra,12000.000000,GU2345F,economica,En Vuelo
264,Emmit,Navarro,12000.000000,GU2345F,economica,En Vuelo
265,Brietta,Aguilera,42000.000000,GU2345F,economica,En Vuelo
266,Wesley,Parra,10000.000000,GU2345F,economica,En Vuelo
267,Felicdad,Romero,18000.000000,GU2345F,economica,En Vuelo
268,Any,Aravena,18000.000000,GU2345F,economica,En Vuelo
269,Gardie,Vargas,12000.000000,GU2345F,economica,En Vuelo
270,Tam,Leiva,20000.000000,GU2345F,economica,En Vuelo
271,Davon,Escobar,20000.000000,GU2345F,economica,En Vuelo
272,Chrissy,Ruiz,18000.000000,GU2345F,economica,En Vuelo
273,Rina,Vidal,20000.000000,GU2345F,economica,En Vuelo
274,Guy,Salinas,42000.000000,GU2345F,economica,En Vuelo
275,Alexandr,Godoy,18000.000000,GU2345F,economica,En Vuelo
276,Margalit,Lagos,15000.000000,GU2345F,economica,En Vuelo
277,Samara,Maldonado,50000.000000,GU2345F,economica,En Vuelo
278,Portie,Bustos,15000.000000,GU2345F,economica,En Vuelo
279,Korella,Medina,33000.000000,GU2345F,economica,En Vuelo
280,Hilly,Pino,30000.000000,GU2345F,economica,En Vuelo
281,Leeanne,Palma,10000.000000,GU2345F,economica,En Vuelo
282,Arnaldo,Moreno,10000.000000,GU2345F,economica,En Vuelo
283,Kassi,Sanhueza,37000.000000,GU2345F,economica,En Vuelo
284,Karen,Carvajal,20000.000000,GU2345F,economica,En Vuelo
285,Mac,Navarrete,20000.000000,GU2345F,economica,En Vuelo
286,Marsiella,Alvarado,20000.000000,GU2345F,economica,En Vuelo
287,Shea,Donoso,12000.000000,GU2345F,economica,En Vuelo
288,Liana,Poblete,15000.000000,GU2345F,economica,En Vuelo
289,Carley,Bustamante,12000.000000,GU2345F,economica,En Vuelo
290,Carlye,Toro,37000.000000,GU2345F,economica,En Vuelo
291,Svend,Ortega,25000.000000,GU2345F,economica,En Vuelo
292,Kendell,Venegas,25000.000000,GU2345F,economica,En Vuelo
293,Chrisy,Guerrero,15000.000000,GU2345F,economica,En Vuelo
294,Rod,Mendoza,50000.000000,GU2345F,economica,En Vuelo
295,Micheil,Ruiz,37000.000000,GU2345F,economica,En Vuelo
296,Bartholomew,Moreno,33000.000000,GU2345F,economica,En Vuelo
297,Dorothea,Romero,15000.000000,GU2345F,economica,En Vuelo
298,Tamarah,Alonso,50000.000000,GU2345F,economica,En Vuelo
299,Minny,Navarro,33000.000000,GU2345F,economica,En Vuelo
300,Joshia,Torres,33000.000000,GU2345F,economica,En Vuelo
301,Conrado,Ramos,50000.000000,GU2345F,economica,En Vuelo
302,Bibbie,Rojas,37000.000000,GU2345F,economica,En Vuelo
303,Callie,Soto,50000.000000,GU2345F,economica,En Vuelo
304,Patton,Contreras,15000.000000,GU2345F,economica,En Vuelo
305,Karie,Silva,25000.000000,GU2345F,economica,En Vuelo
306,Patrice,Morales,37000.000000,GU2345F,economica,En Vuelo
307,Irena,Fuentes,20000.000000,MM0987B,economica,En Horario
308,Bird,Torres,18000.000000,MM0987B,economica,En Horario
309,Lorna,Araya,42000.000000,MM0987B,economica,En Horario
310,Vincents,Flores,25000.000000,MM0987B,economica,En Horario
311,Torrey,Espinoza,42000.000000,GU2345F,economica,En Vuelo
312,Pernell,Valenzuela,50000.000000,GU2345F,economica,En Vuelo
313,Danya,Castillo,25000.000000,GU2345F,economica,En Vuelo
314,Erda,Tapia,37000.000000,GU2345F,economica,En Vuelo
315,Ethe,Reyes,20000.000000,GU2345F,economica,En Vuelo
316,Sheridan,Castro,50000.000000,GU2345F,economica,En Vuelo
317,Charles,Pizarro,42000.000000,GU2345F,economica,En Vuelo
318,Helen-elizabeth,Carrasco,20000.000000,GU2345F,economica,En Vuelo
319,Maxi,Herrera,37000.000000,GU2345F,economica,En Vuelo
320,Dennison,Jara,25000.000000,GU2345F,economica,En Vuelo
321,Bunnie,Vergara,33000.000000,GU2345F,economica,En Vuelo
322,Frans,Rivera,33000.000000,BA2491A,economica,Aterrizado
323,Delmar,Figueroa,42000.000000,BA2491A,economica,Aterrizado
324,Ced,Riquelme,20000.000000,BA2491A,economica,Aterrizado
325,Christie,Miranda,18000.000000,BA2491A,economica,Aterrizado
326,Saunders,Bravo,25000.000000,BA2491A,economica,Aterrizado
327,Deny,Vera,18000.000000,GU2345F,economica,En Vuelo
328,Gene,Molina,15000.000000,GU2345F,economica,En Vuelo
329,Margeaux,Vega,18000.000000,GU2345F,economica,En Vuelo
330,Prisca,Campos,18000.000000,GU2345F,economica,En Vuelo
331,Domini,Sandoval,18000.000000,GU2345F,economica,En Vuelo
332,Henrie,Orellana,50000.000000,GU2345F,economica,En Vuelo
333,Mab,Olivares,25000.000000,GU2345F,economica,En Vuelo
334,Mathe,Gallardo,12000.000000,GU2345F,economica,En Vuelo
335,Gauthier,Ortiz,12000.000000,GU2345F,economica,En Vuelo
336,Delmore,Garrido,33000.000000,GU2345F,economica,En Vuelo
337,Lynett,Salazar,37000.000000,GU2345F,economica,En Vuelo
338,Aeriela,Saavedra,37000.000000,GU2345F,economica,En Vuelo
339,Babbie,Navarro,15000.000000,GU2345F,economica,En Vuelo
340,Caren,Aguilera,15000.000000,GU2345F,economica,En Vuelo
341,Jessamine,Parra,18000.000000,GU2345F,economica,En Vuelo
342,Hesther,Romero,15000.000000,GU2345F,economica,En Vuelo
343,Sasha,Aravena,15000.000000,GU2345F,economica,En Vuelo
344,Erica,Vargas,10000.000000,GU2345F,economica,En Vuelo
345,Lemmie,Leiva,18000.000000,GU2345F,economica,En Vuelo
346,Dur,Escobar,25000.000000,GU2345F,economica,En Vuelo
347,Modesta,Ruiz,33000.000000,GU2345F,economica,En Vuelo
348,Retha,Vidal,15000.000000,GU2345F,economica,En Vuelo
349,Carma,Salinas,33000.000000,GU2345F,economica,En Vuelo
350,Phillipe,Godoy,37000.000000,GU2345F,economica,En Vuelo
351,Florida,Lagos,37000.000000,HY4567D,economica,Demorado
352,Corrina,Maldonado,15000.000000,HY4567D,economica,Demorado
353,Adrianne,Bustos,10000.000000,HY4567D,economica,Demorado
354,Scarlett,Medina,20000.000000,HY4567D,economica,Demorado
355,Shel,Pino,25000.000000,HY4567D,economica,Demorado
356,Delaney,Palma,50000.000000,HY4567D,economica,Demorado
357,Tiphani,Moreno,33000.000000,HY4567D,economica,Demorado
358,Grier,Sanhueza,42000.000000,HY4567D,economica,Demorado
359,Annabell,Carvajal,15000.000000,HY4567D,economica,Demorado
360,Basil,Navarrete,12000.000000,HY4567D,economica,Demorado
361,Umeko,Alvarado,30000.000000,HY4567D,economica,Demorado
362,Hayes,Donoso,10000.000000,HY4567D,economica,Demorado
363,Lynnette,Poblete,37000.000000,HY4567D,economica,Demorado
364,Hesther,Bustamante,33000.000000,HY4567D,economica,Demorado
365,Trumaine,Toro,15000.000000,HY4567D,economica,Demorado
366,Emlyn,Ortega,50000.000000,HY4567D,economica,Demorado
367,Corabelle,Venegas,37000.000000,HY4567D,economica,Demorado
368,Vic,Guerrero,25000.000000,HY4567D,economica,Demorado
369,Cyndia,Mendoza,33000.000000,HY4567D,economica,Demorado
370,Lydia,Ruiz,15000.000000,HY4567D,economica,Demorado
371,Sayre,Moreno,33000.000000,HY4567D,economica,Demorado
372,Evin,Romero,12000.000000,HY4567D,economica,Demorado
373,Fredia,Alonso,20000.000000,HY4567D,economica,Demorado
374,Hetti,Navarro,30000.000000,HY4567D,economica,Demorado
375,Kirk,Torres,30000.000000,HY4567D,economica,Demorado
376,Lissy,Ramos,37000.000000,HY4567D,economica,Demorado
377,Dorotea,Rojas,10000.000000,HY4567D,economica,Demorado
378,Menard,Soto,37000.000000,HY4567D,economica,Demorado
379,Nicola,Contreras,12000.000000,HY4567D,economica,Demorado
380,Maddy,Silva,25000.000000,HY4567D,economica,Demorado
381,Ivonne,Morales,20000.000000,HY4567D,economica,Demorado
382,Viva,Fuentes,25000.000000,HY4567D,economica,Demorado
383,Abigail,Torres,18000.000000,HY4567D,economica,Demorado
384,Rosalia,Araya,18000.000000,HY4567D,economica,Demorado
385,Merissa,Flores,25000.000000,HY4567D,economica,Demorado
386,Marylee,Espinoza,50000.000000,HY4567D,economica,Demorado
387,Wolfy,Valenzuela,33000.000000,HY4567D,economica,Demorado
388,Maia,Castillo,10000.000000,HY4567D,economica,Demorado
389,Elinor,Tapia,33000.000000,HY4567D,economica,Demorado
390,Neron,Reyes,42000.000000,HY4567D,economica,Demorado
391,Sarajane,Castro,10000.000000,HY4567D,economica,Demorado
392,Arlie,Pizarro,42000.000000,HY4567D,economica,Demorado
393,Cesaro,Carrasco,30000.000000,HY4567D,economica,Demorado
394,Maddy,Herrera,25000.000000,HY4567D,economica,Demorado
395,Boothe,Jara,12000.000000,HY4567D,economica,Demorado
396,Dorrie,Vergara,42000.000000,HY4567D,economica,Demorado
397,Willdon,Rivera,10000.000000,HY4567D,economica,Demorado
398,Cindi,Figueroa,12000.000000,HY4567D,economica,Demorado
399,Shermie,Riquelme,12000.000000,HY4567D,economica,Demorado
400,Millie,Miranda,15000.000000,HY4567D,economica,Demorado
401,Natassia,Bravo,42000.000000,HY4567D,economica,Demorado
402,Wheeler,Vera,25000.000000,HY4567D,economica,Demorado
403,Caritta,Molina,12000.000000,HY4567D,economica,Demorado
404,Kennan,Vega,12000.000000,HY4567D,economica,Demorado
405,Katina,Campos,20000.000000,HY4567D,economica,Demorado
406,Beverlee,Sandoval,25000.000000,HY4567D,economica,Demorado
407,Arlette,Orellana,30000.000000,HY4567D,economica,Demorado
408,Sheila-kathryn,Olivares,10000.000000,HY4567D,economica,Demorado
409,Lamont,Gallardo,33000.000000,HY4567D,economica,Demorado
410,Immanuel,Ortiz,33000.000000,HY4567D,economica,Demorado
411,Nani,Garrido,50000.000000,HY4567D,economica,Demorado
412,Galen,Salazar,50000.000000,HY4567D,economica,Demorado
413,Flore,Saavedra,30000.000000,HY4567D,economica,Demorado
414,Burgess,Navarro,12000.000000,HY4567D,economica,Demorado
415,Tally,Aguilera,42000.000000,HY4567D,economica,Demorado
416,Jaquenette,Parra,25000.000000,HY4567D,economica,Demorado
417,Sly,Romero,42000.000000,HY4567D,economica,Demorado
418,Yul,Aravena,30000.000000,HY4567D,economica,Demorado
419,Rosalyn,Vargas,37000.000000,HY4567D,economica,Demorado
420,Krystyna,Leiva,50000.000000,HY4567D,economica,Demorado
421,Krishna,Escobar,50000.000000,HY4567D,economica,Demorado
422,Zorina,Ruiz,18000.000000,HY4567D,economica,Demorado
423,Terrie,Vidal,42000.000000,HY4567D,economica,Demorado
424,Justino,Salinas,18000.000000,HY4567D,economica,Demorado
425,Paddie,Godoy,33000.000000,HY4567D,economica,Demorado
426,Evelyn,Lagos,10000.000000,HY4567D,economica,Demorado
427,Abbot,Maldonado,33000.000000,HY4567D,economica,Demorado
428,Tedra,Bustos,33000.000000,HY4567D,economica,Demorado
429,Rikki,Medina,12000.000000,HY4567D,economica,Demorado
430,Alverta,Pino,25000.000000,HY4567D,economica,Demorado
431,Pauly,Palma,30000.000000,HY4567D,economica,Demorado
432,Ariella,Moreno,12000.000000,HY4567D,economica,Demorado
433,Lia,Sanhueza,20000.000000,HY4567D,economica,Demorado
434,Petronille,Carvajal,42000.000000,HY4567D,economica,Demorado
435,Merle,Navarrete,10000.000000,HY4567D,economica,Demorado
436,Nikolaus,Alvarado,30000.000000,HY4567D,economica,Demorado
437,Cinda,Donoso,42000.000000,HY4567D,economica,Demorado
438,Matelda,Poblete,18000.000000,HY4567D,economica,Demorado
439,Roslyn,Bustamante,25000.000000,HY4567D,economica,Demorado
440,Jerrylee,Toro,10000.000000,HY4567D,economica,Demorado
441,Lucky,Ortega,42000.000000,IB0800A,economica,Aterrizado
442,Elita,Venegas,18000.000000,IB0800A,economica,Aterrizado
443,Hyacinthia,Guerrero,25000.000000,IB0800A,economica,Aterrizado
444,Fina,Mendoza,42000.000000,IB0800A,economica,Aterrizado
445,Cassandry,Ruiz,33000.000000,IB0800A,economica,Aterrizado
446,Silas,Moreno,20000.000000,IB0800A,economica,Aterrizado
447,Keith,Romero,20000.000000,FR5678G,economica,En Horario
448,Silvie,Alonso,12000.000000,FR5678G,economica,En Horario
449,Chen,Navarro,37000.000000,FR5678G,economica,En Horario
450,Carleton,Torres,15000.000000,FR5678G,economica,En Horario
451,Melonie,Ramos,33000.000000,FR5678G,economica,En Horario
452,Graehme,Rojas,18000.000000,FR5678G,economica,En Horario
453,Zsa zsa,Soto,20000.000000,FR5678G,economica,En Horario
454,Jude,Contreras,12000.000000,FR5678G,economica,En Horario
455,Arch,Silva,33000.000000,FR5678G,economica,En Horario
456,Dorian,Morales,15000.000000,FR5678G,economica,En Horario
457,Boycie,Fuentes,18000.000000,FR5678G,economica,En Horario
458,Sidonia,Torres,10000.000000,FR5678G,economica,En Horario
459,Galvan,Araya,33000.000000,FR5678G,economica,En Horario
460,Lucienne,Flores,25000.000000,FR5678G,economica,En Horario
461,Davidson,Espinoza,37000.000000,FR5678G,economica,En Horario
462,Roslyn,Valenzuela,10000.000000,FR5678G,economica,En Horario
463,Jenny,Castillo,33000.000000,FR5678G,economica,En Horario
464,Toby,Tapia,20000.000000,FR5678G,economica,En Horario
465,Brynne,Reyes,18000.000000,FR5678G,economica,En Horario
466,Egan,Castro,10000.000000,FR5678G,economica,En Horario
467,Barbey,Pizarro,20000.000000,FR5678G,economica,En Horario
468,Letta,Carrasco,10000.000000,FR5678G,economica,En Horario
469,Melva,Herrera,42000.000000,FR5678G,economica,En Horario
470,Felike,Jara,33000.000000,FR5678G,economica,En Horario
471,Laughton,Vergara,15000.000000,FR5678G,economica,En Horario
472,Crosby,Rivera,12000.000000,FR5678G,economica,En Horario
473,Marianne,Figueroa,33000.000000,FR5678G,economica,En Horario
474,Francine,Riquelme,42000.000000,FR5678G,economica,En Horario
475,Fayre,Miranda,18000.000000,FR5678G,economica,En Horario
476,Adelaida,Bravo,37000.000000,FR5678G,economica,En Horario
477,Florella,Vera,25000.000000,FR5678G,economica,En Horario
478,Noll,Molina,30000.000000,FR5678G,economica,En Horario
479,Ki,Vega,42000.000000,FR5678G,economica,En Horario
480,Jermayne,Campos,33000.000000,FR5678G,economica,En Horario
481,Grayce,Sandoval,33000.000000,FR5678G,economica,En Horario
482,Harv,Orellana,42000.000000,FR5678G,economica,En Horario
483,Hersh,Olivares,33000.000000,FR5678G,economica,En Horario
484,Yelena,Gallardo,50000.000000,FR5678G,economica,En Horario
485,Emmaline,Ortiz,37000.000000,FR5678G,economica,En Horario
486,Daffi,Garrido,12000.000000,FR5678G,economica,En Horario
487,Janine,Salazar,50000.000000,FR5678G,economica,En Horario
488,Earle,Saavedra,30000.000000,FR5678G,economica,En Horario
489,Fred,Navarro,25000.000000,FR5678G,economica,En Horario
490,Almira,Aguilera,42000.000000,FR5678G,economica,En Horario
491,Wini,Parra,37000.000000,FR5678G,economica,En Horario
492,Emanuel,Romero,30000.000000,FR5678G,economica,En Horario
493,Obadias,Aravena,10000.000000,FR5678G,economica,En Horario
494,Efrem,Vargas,20000.000000,FR5678G,economica,En Horario
495,Obadiah,Leiva,12000.000000,FR5678G,economica,En Horario
496,Lefty,Escobar,50000.000000,FR5678G,economica,En Horario
497,Michele,Ruiz,42000.000000,FR5678G,economica,En Horario
498,Hyatt,Vidal,20000.000000,FR5678G,economica,En Horario
499,Roch,Salinas,33000.000000,FR5678G,economica,En Horario
500,Jefferey,Godoy,10000.000000,FR5678G,economica,En Horario
501,Tania,Lagos,42000.000000,FR5678G,economica,En Horario
502,Mercie,Maldonado,42000.000000,FR5678G,economica,En Horario
503,Andrei,Bustos,10000.000000,FR5678G,economica,En Horario
504,Yetta,Medina,25000.000000,FR5678G,economica,En Horario
505,Angeli,Pino,20000.000000,FR5678G,economica,En Horario
506,Norbert,Palma,20000.000000,FR5678G,economica,En Horario
507,Conan,Moreno,20000.000000,FR5678G,economica,En Horario
508,Cale,Sanhueza,50000.000000,FR5678G,economica,En Horario
509,Christina,Carvajal,37000.000000,FR5678G,economica,En Horario
510,Olivier,Navarrete,20000.000000,FR5678G,economica,En Horario
511,Chad,Alvarado,15000.000000,FR5678G,economica,En Horario
512,Adelle,Donoso,10000.000000,FR5678G,economica,En Horario
513,Keene,Poblete,25000.000000,FR5678G,economica,En Horario
514,Corrina,Bustamante,50000.000000,FR5678G,economica,En Horario
515,Hashim,Toro,50000.000000,FR5678G,economica,En Horario
516,Oralia,Ortega,10000.000000,FR5678G,economica,En Horario
517,Wadsworth,Venegas,30000.000000,FR5678G,economica,En Horario
518,Shelley,Guerrero,15000.000000,FR5678G,economica,En Horario
519,Irv,Mendoza,15000.000000,FR5678G,economica,En Horario
520,Vassili,Ruiz,33000.000000,FR5678G,economica,En Horario
521,Ophelie,Moreno,37000.000000,FR5678G,economica,En Horario
522,Pietrek,Romero,25000.000000,FR5678G,economica,En Horario
523,Holden,Alonso,50000.000000,FR5678G,economica,En Horario
524,Alonzo,Navarro,12000.000000,FR5678G,economica,En Horario
525,Devonna,Torres,18000.000000,FR5678G,economica,En Horario
526,Trumaine,Ramos,42000.000000,FR5678G,economica,En Horario
527,Phelia,Rojas,33000.000000,FR5678G,economica,En Horario
528,Estella,Soto,20000.000000,FR5678G,economica,En Horario
529,Saw,Contreras,15000.000000,FR5678G,economica,En Horario
530,Cecil,Silva,37000.000000,FR5678G,economica,En Horario
531,Barbey,Morales,12000.000000,FR5678G,economica,En Horario
532,Rina,Fuentes,25000.000000,FR5678G,economica,En Horario
533,Lona,Torres,30000.000000,FR5678G,economica,En Horario
534,Jan,Araya,18000.000000,FR5678G,economica,En Horario
535,Bailey,Flores,30000.000000,FR5678G,economica,En Horario
536,Guillermo,Espinoza,42000.000000,FR5678G,economica,En Horario
537,Katlin,Valenzuela,25000.000000,FR5678G,economica,En Horario
538,Flo,Castillo,42000.000000,FR5678G,economica,En Horario
539,Madel,Tapia,12000.000000,FR5678G,economica,En Horario
540,Conant,Reyes,37000.000000,FR5678G,economica,En Horario
541,Annamarie,Castro,20000.000000,FR5678G,economica,En Horario
542,Gabbie,Pizarro,42000.000000,FR5678G,economica,En Horario
543,Riccardo,Carrasco,42000.000000,BR3456J,economica,Demorado
544,Judas,Herrera,10000.000000,BR3456J,economica,Demorado
545,Freda,Jara,42000.000000,BR3456J,economica,Demorado
546,Lynn,Vergara,37000.000000,BR3456J,economica,Demorado
547,Tabb,Rivera,50000.000000,BR3456J,economica,Demorado
548,Brittany,Figueroa,18000.000000,MM0987B,economica,En Horario
549,Leo,Riquelme,42000.000000,MM0987B,economica,En Horario
550,Maurie,Miranda,50000.000000,MM0987B,economica,En Horario
551,Oren,Bravo,20000.000000,MM0987B,economica,En Horario
552,Anetta,Vera,10000.000000,MM0987B,economica,En Horario
553,Curry,Molina,20000.000000,MM0987B,economica,En Horario
554,Tyrone,Vega,15000.000000,MM0987B,economica,En Horario
555,Saunder,Campos,37000.000000,MM0987B,economica,En Horario
556,Luis,Sandoval,12000.000000,MM0987B,economica,En Horario
557,Alysia,Orellana,37000.000000,MM0987B,economica,En Horario
558,Gretna,Olivares,42000.000000,BR3456J,economica,Demorado
559,Wenda,Gallardo,12000.000000,BR3456J,economica,Demorado
560,Ezekiel,Ortiz,20000.000000,BR3456J,economica,Demorado
561,Orlan,Garrido,25000.000000,BR3456J,economica,Demorado
562,Wittie,Salazar,37000.000000,BR3456J,economica,Demorado
563,Hayden,Saavedra,30000.000000,BR3456J,economica,Demorado
564,Melody,Navarro,20000.000000,BR3456J,economica,Demorado
565,Emory,Aguilera,37000.000000,BR3456J,economica,Demorado
566,Callie,Parra,10000.000000,BR3456J,economica,Demorado
567,Debby,Romero,18000.000000,IB0800A,economica,Aterrizado
568,Gui,Aravena,20000.000000,IB0800A,economica,Aterrizado
569,Dorette,Vargas,37000.000000,IB0800A,economica,Aterrizado
570,Arabel,Leiva,50000.000000,IB0800A,economica,Aterrizado
571,Verina,Escobar,37000.000000,IB0800A,economica,Aterrizado
572,Josefina,Ruiz,30000.000000,IB0800A,economica,Aterrizado
573,Vernen,Vidal,18000.000000,IB0800A,economica,Aterrizado
574,Loria,Salinas,25000.000000,IB0800A,economica,Aterrizado
575,Kimberley,Godoy,18000.000000,BR3456J,economica,Demorado
576,Martyn,Lagos,25000.000000,BR3456J,economica,Demorado
577,Agustin,Maldonado,25000.000000,BR3456J,economica,Demorado
578,Clerissa,Bustos,15000.000000,BR3456J,economica,Demorado
579,Lonna,Medina,10000.000000,BR3456J,economica,Demorado
580,Wake,Pino,25000.000000,BR3456J,economica,Demorado
581,Edwina,Palma,42000.000000,MM0987B,economica,En Horario
582,Lacey,Moreno,50000.000000,MM0987B,economica,En Horario
583,Laetitia,Sanhueza,33000.000000,MM0987B,economica,En Horario
584,Delila,Carvajal,20000.000000,MM0987B,economica,En Horario
585,Sioux,Navarrete,12000.000000,MM0987B,economica,En Horario
586,Trista,Alvarado,50000.000000,BR3456J,economica,Demorado
587,Shaughn,Donoso,15000.000000,BR3456J,economica,Demorado
588,Zitella,Poblete,42000.000000,BR3456J,economica,Demorado
589,Ginnie,Bustamante,15000.000000,BR3456J,economica,Demorado
590,Burty,Toro,12000.000000,BR3456J,economica,Demorado
591,Arley,Ortega,33000.000000,BR3456J,economica,Demorado
592,Ansley,Venegas,37000.000000,BR3456J,economica,Demorado
593,Kirstin,Guerrero,12000.000000,BR3456J,economica,Demorado
594,Karon,Mendoza,10000.000000,BR3456J,economica,Demorado
595,Libbey,Ruiz,42000.000000,BA2491A,economica,Aterrizado
596,Sharai,Moreno,10000.000000,BA2491A,economica,Aterrizado
597,Erna,Romero,33000.000000,BA2491A,economica,Aterrizado
598,Ferd,Alonso,25000.000000,BA2491A,economica,Aterrizado
599,Dawn,Navarro,37000.000000,BA2491A,economica,Aterrizado
600,Wandie,Torres,25000.000000,BA2491A,economica,Aterrizado
601,Trenna,Ramos,10000.000000,MM0987B,economica,En Horario
602,Angelia,Moreno,50000.000000,MM0987B,economica,En Horario
603,Atalanta,Romero,37000.000000,MM0987B,economica,En Horario
604,De witt,Alonso,12000.000000,MM0987B,economica,En Horario
605,Tamarra,Navarro,15000.000000,MM0987B,economica,En Horario
606,Saleem,Torres,20000.000000,MM0987B,economica,En Horario
